{
    "metadata": {
        "source_file": "tirantloblanc.txt",
        "options": {
            "lower": true,
            "stopwords": true,
            "bigrams": true,
            "entropy": true
        }
    },
    "basic_stats": {
        "lines": 18695,
        "words": 167242,
        "words_without_stopwords": 74250,
        "vocab_size": 6425,
        "symbols": 416654,
        "unique_symbols": 36
    },
    "entropy_analysis": {
        "shannon_entropy": 4.2228478325132315,
        "redundancy": 0.18318973073397848
    },
    "top_words": {
        "tirant": 1874,
        "said": 1070,
        "king": 966,
        "would": 872,
        "emperor": 723,
        "went": 605,
        "princess": 595,
        "great": 523,
        "one": 510,
        "could": 489,
        "go": 464,
        "saw": 456,
        "lord": 432,
        "men": 427,
        "many": 424,
        "city": 374,
        "see": 364,
        "come": 329,
        "told": 329,
        "lady": 328
    },
    "top_symbols": {
        "e": 53303,
        "a": 33192,
        "n": 29968,
        "t": 29698,
        "r": 29252,
        "i": 28632,
        "s": 27642,
        "o": 26696,
        "d": 22722,
        "l": 21321,
        "c": 13544,
        "g": 13364,
        "h": 12283,
        "m": 11905,
        "u": 11348,
        "p": 10850,
        "w": 8110,
        "y": 7625,
        "k": 6509,
        "b": 5527
    },
    "top_word_pairs": {
        "said $": 414,
        "$ tirant": 339,
        "tirant $": 148,
        "$ oh": 93,
        "answered $": 84,
        "king $": 84,
        "king escariano": 84,
        "$ would": 76,
        "said tirant": 76,
        "$ king": 74,
        "project gutenberg": 73,
        "$ emperor": 69,
        "$ said": 68,
        "$ princess": 66,
        "tirant lo": 64,
        "would $": 62,
        "great $": 61,
        "$ plaerdemavida": 60,
        "lo blanc": 58,
        "tirant said": 58
    },
    "top_symbol_pairs": {
        "in": 8168,
        "an": 6781,
        "er": 6651,
        "ed": 6527,
        "re": 5757,
        "ng": 5405,
        "nt": 5328,
        "en": 5254,
        "or": 4797,
        "es": 4709,
        "on": 4372,
        "ea": 4271,
        "ti": 4228,
        "ou": 4205,
        "le": 3988,
        "ar": 3789,
        "te": 3713,
        "ne": 3489,
        "ve": 3474,
        "se": 3464
    }
}