{
    "metadata": {
        "source_file": "tirantloblanc.txt",
        "options": {
            "lower": false,
            "stopwords": false,
            "bigrams": true,
            "entropy": true
        }
    },
    "basic_stats": {
        "lines": 18695,
        "words": 167242,
        "vocab_size": 7151,
        "symbols": 686860,
        "unique_symbols": 61
    },
    "entropy_analysis": {
        "shannon_entropy": 4.333813604360674,
        "redundancy": 0.2692622590260313
    },
    "top_words": {
        "the": 10442,
        "and": 7007,
        "to": 5498,
        "of": 3676,
        "he": 2772,
        "that": 2629,
        "I": 2258,
        "a": 2176,
        "in": 2108,
        "you": 2090,
        "Tirant": 1871,
        "was": 1868,
        "they": 1856,
        "had": 1669,
        "his": 1606,
        "him": 1562,
        "with": 1494,
        "her": 1234,
        "all": 1192,
        "for": 1192
    },
    "top_symbols": {
        "e": 87450,
        "t": 61969,
        "a": 55206,
        "o": 49895,
        "h": 49357,
        "n": 46599,
        "i": 41235,
        "r": 38682,
        "s": 38013,
        "d": 33273,
        "l": 25739,
        "u": 17780,
        "m": 16776,
        "w": 15990,
        "y": 15192,
        "c": 14097,
        "g": 13294,
        "f": 12203,
        "p": 10568,
        "b": 8402
    },
    "top_word_pairs": {
        "the $": 1027,
        "to the": 873,
        "of the": 796,
        "$ the": 584,
        "and the": 583,
        "in the": 570,
        "and $": 564,
        "$ The": 507,
        "all the": 489,
        "the emperor": 489,
        "to $": 435,
        "and he": 420,
        "said $": 414,
        "the princess": 408,
        "$ and": 404,
        "$ When": 384,
        "the king": 347,
        "$ Tirant": 339,
        "that he": 321,
        "of $": 312
    },
    "top_symbol_pairs": {
        "he": 25872,
        "th": 23153,
        "an": 14642,
        "er": 11247,
        "in": 10878,
        "nd": 10188,
        "ou": 8788,
        "re": 8458,
        "ha": 7872,
        "to": 7453,
        "en": 7318,
        "or": 6960,
        "at": 6715,
        "ed": 6512,
        "hi": 6111,
        "nt": 5768,
        "on": 5620,
        "ng": 5586,
        "is": 5280,
        "ve": 5050
    }
}