{
    "metadata": {
        "source_file": "tirantloblanc.txt",
        "options": {
            "lower": true,
            "stopwords": false,
            "bigrams": true,
            "entropy": true
        }
    },
    "basic_stats": {
        "lines": 18695,
        "words": 167242,
        "vocab_size": 6551,
        "symbols": 686860,
        "unique_symbols": 36
    },
    "entropy_analysis": {
        "shannon_entropy": 4.158740386519053,
        "redundancy": 0.1955898034577208
    },
    "top_words": {
        "the": 11544,
        "and": 7636,
        "to": 5525,
        "of": 3694,
        "he": 3164,
        "that": 2709,
        "i": 2258,
        "you": 2254,
        "in": 2228,
        "a": 2220,
        "they": 2133,
        "tirant": 1874,
        "was": 1869,
        "his": 1687,
        "had": 1669,
        "him": 1562,
        "with": 1534,
        "it": 1321,
        "her": 1275,
        "for": 1253
    },
    "top_symbols": {
        "e": 88035,
        "t": 66371,
        "a": 56650,
        "h": 50500,
        "o": 50270,
        "n": 46811,
        "i": 44162,
        "r": 38995,
        "s": 38912,
        "d": 33791,
        "l": 26167,
        "m": 17981,
        "u": 17866,
        "w": 17390,
        "y": 15737,
        "c": 14789,
        "g": 13819,
        "f": 12573,
        "p": 11230,
        "b": 8952
    },
    "top_word_pairs": {
        "the $": 1099,
        "$ the": 1098,
        "to the": 874,
        "of the": 799,
        "the king": 654,
        "and the": 633,
        "the emperor": 616,
        "and $": 611,
        "in the": 600,
        "$ and": 556,
        "all the": 526,
        "the princess": 513,
        "and he": 494,
        "to $": 438,
        "said $": 414,
        "$ when": 409,
        "when the": 359,
        "and they": 344,
        "$ tirant": 339,
        "that he": 325
    },
    "top_symbol_pairs": {
        "he": 26375,
        "th": 25186,
        "an": 15309,
        "er": 11292,
        "in": 11060,
        "nd": 10199,
        "ou": 8842,
        "re": 8548,
        "ha": 7942,
        "to": 7494,
        "en": 7390,
        "or": 6985,
        "at": 6786,
        "hi": 6563,
        "ed": 6527,
        "nt": 5791,
        "on": 5704,
        "ng": 5590,
        "is": 5309,
        "ve": 5072
    }
}